<?xml version="1.0" encoding="utf-8"?>

<hibernate-configuration  xmlns="urn:nhibernate-configuration-2.2" >
  <session-factory>

    <property name="dialect">NHibernate.Dialect.MsSql2012Dialect</property>
    <property name="connection.provider">NHibernate.Connection.DriverConnectionProvider</property>
    <property name="connection.driver_class">NHibernate.Driver.SqlClientDriver</property>
    <property name="connection.connection_string">Server=SHAY-PC;Database=datagrid;Trusted_Connection=True</property>

    <!--Disable the writing of all the SQL statments to the console-->
    <!--<property name="show_SQL">false</property>-->
    <!--Disabled the validation of your persistent classes, allows using .Net properties and not getters and setters on your fields-->
    <property name="use_proxy_validator">false</property>
    <!--This will create the tables in the database for your persistent classes according to the mapping file.-->
    <!--If the tables are already created this will recreate them and clear the data!-->
    <property name="hbm2ddl.auto">update</property>

  </session-factory>
</hibernate-configuration>

